id,title,score,num_comments,author_fullname,subreddit_subscribers,created,url
1bgzxwc,Milde interessant: Neue Werbung des BND,1072,67,t2_qhc31,1860931,2024-03-17 15:14:30,https://i.redd.it/s7nvrz94vwoc1.jpeg
1bgvk87,"War gestern das erste Mal seit 20 Jahren wieder in meiner alten Schule. Wusste nicht, dass das bei den Kids von heute immer noch ein Ding ist.",949,121,t2_14wxk9,1860931,2024-03-17 11:42:40,https://i.redd.it/m9xyhvobtvoc1.png
1bgf2m2,Polizeipräsidentin über rechte Tendenzen in der Berliner Polizei: „Von Einzelfällen kann man nicht mehr sprechen“,757,162,t2_vfz510lb,1860931,2024-03-16 20:17:22,https://www.tagesspiegel.de/berlin/polizeiprasidentin-uber-rechte-tendenzen-in-der-berliner-polizei-von-einzelfallen-kann-man-nicht-mehr-sprechen-11371195.html
1bgq6y0,TU München entfernt Namen von NS-Persönlichkeiten - mehrere Säle und Gebäude betroffen. Mehrere Säle und Gebäude sollen nicht mehr nach NS-Sympathisanten benannt sein. Auch von 24 Ehrentiteln will sich die Uni distanzieren. Damit folgt sie den Empfehlungen einer Expertenkommission.,591,103,t2_r7ub6,1860931,2024-03-17 05:33:36,https://www.sueddeutsche.de/muenchen/tu-muenchen-ns-sympathisanten-namen-hoersaeaele-entfernt-1.6456730?utm_source=facebook&utm_medium=bot_content&utm_campaign=6456730
1bgtirr,Wagenknecht-Partei für Anerkennung des russischen Wahlergebnisses,563,226,t2_jfnxhx2jw,1860931,2024-03-17 09:24:14,https://www.welt.de/politik/deutschland/article250609658/Russland-falsch-eingeschaetzt-Wagenknecht-Partei-fuer-Anerkennung-des-russischen-Wahlergebnisses.html
1bgubvm,Eine 18jährigerin kann nicht ins Gymnasium?,354,158,t2_9i02gyx8,1860931,2024-03-17 10:21:43,https://www.reddit.com/r/de/comments/1bgubvm/eine_18jährigerin_kann_nicht_ins_gymnasium/
1bgprf8,Prinzessin Kates Photoshop-Eklat: Britische YouTuber täuschen offenbar Tucker Carlson.,342,39,t2_r7ub6,1860931,2024-03-17 05:07:09,https://www.spiegel.de/kultur/prinzessin-kates-photoshop-eklat-britische-youtuber-taeuschen-offenbar-tucker-carlson-a-c19a27a3-86dc-4d52-8d9e-bb193d514d84
1bguvam,Kritik an Lokführergewerkschaft: FDP will nach Tarifstreit bei der Bahn Streikrecht einschränken,348,237,t2_8a3j6klc,1860931,2024-03-17 10:58:36,https://www.zeit.de/politik/deutschland/2024-03/lokfuehrer-gewerkschaft-gdl-bahn-tarifstreit-kritik-fdp-streikrecht
1bgilqp,Lauterbach warnt vor Verzögerung der Cannabislegalisierung,245,42,t2_w5ivolqm,1860931,2024-03-16 23:00:21,https://www.spiegel.de/politik/cannabis-lauterbach-warnt-vor-verzoegerung-der-legalisierung-a-c4c98a8f-a9f6-43d9-8494-a8b4bf3c1613
1bgxxqp,Trotz steigendem Drogenkonsum: Berliner Suchthilfe droht Kürzung um 900.000 Euro,258,72,t2_ckznqt0zl,1860931,2024-03-17 13:47:33,https://www.tagesspiegel.de/berlin/trotz-steigendem-drogenkonsum-berliner-suchthilfe-droht-kurzung-um-900000-euro-11353489.html
1bgwf1q,Erkennt jemand diese Stadt?,245,102,t2_9suyn,1860931,2024-03-17 12:31:16,https://i.redd.it/jew9p31g3uoc1.jpeg
1bgo4cs,Cannabis und Psychosen: Suchtmedizinerin Vanessa Graßnickel und Markus Lanz im Faktencheck,184,68,t2_lljpe,1860931,2024-03-17 03:35:50,https://scilogs.spektrum.de/menschen-bilder/cannabis-und-psychosen-suchtmedizinerin-vanessa-grassnickel-und-markus-lanz-im-faktencheck/
1bgv3d7,Russland müsse „Aggression einstellen“: Vatikan rudert nach umstrittenen Papst-Empfehlungen an Ukraine zurück,189,24,t2_8a3j6klc,1860931,2024-03-17 11:12:36,https://www.tagesspiegel.de/internationales/russland-musse-seine-aggression-einstelle-vatikan-rudert-nach-umstrittenen-papst-empfehlungen-an-ukraine-zuruck-11349019.html?dicbo=v2-KFludjs&utm_source=outbrain_free
1bgvad6,Entlassungswelle im Tech-Sektor auf höchstem Punkt seit dem Dotcom-Crash,179,53,t2_q2kpup89t,1860931,2024-03-17 11:25:38,https://www.heise.de/news/Entlassungswelle-im-Tech-Sektor-auf-hoechstem-Punkt-seit-dem-Dotcom-Crash-9657136.html
1bgrju5,"Lehrerverband begrüßt Zivilschutzübungen an Schulen | Bildungsministerin Stark-Watzinger möchte Schülerinnen und Schüler besser auf Katastrophenfälle vorbereiten. Während sie von vielen Bildungspolitikerin für ihren Vorschlag Kritik erntet, signalisiert der Deutsche Lehrerverband Zustimmung.",162,88,t2_da7vmytv,1860931,2024-03-17 07:03:21,https://www.tagesschau.de/inland/lehrerverband-zivilschutz-100.html
1bgta2d,"Heute vor 211 Jahren wurde der Aufruf des preußischen Königs Friedrich Wilhelm III ""An mein Volk"" verfasst, welcher den Bürgern den ""offiziellen"" Startschuss der sogenannten ""Befreiungskriege"" gegen Napoleon verkündete",160,15,t2_msb0h,1860931,2024-03-17 09:07:26,https://www.lwl.org/aufbruch-in-die-moderne/LWL/Kultur/Aufbruch/popups/politik/nation/abgrenzung_deutsch/aufruf_1813/index_popup1_html.html
1bh27i5,Zwei Jahre lang nur 20 % Ladenmiete zahlen: Auch Stadt Dortmund mietet jetzt Leerstände an,220,110,t2_7jex7,1860931,2024-03-17 16:47:59,https://rundblick-unna.de/2024/03/16/zwei-jahre-lang-nur-20-ladenmiete-zahlen-auch-stadt-dortmund-mietet-jetzt-leerstaende-an/
1bgua7v,US-Wahl 2024: Donald Trump irritiert mit »Blutbad«-Bemerkung bei Wahlkampfveranstaltung,154,72,t2_oz7bbgjc,1860931,2024-03-17 10:18:34,https://www.spiegel.de/ausland/us-wahl-2024-donald-trump-irritiert-mit-blutbad-bemerkung-bei-wahlkampfveranstaltung-a-023a3190-c22f-41c4-a4ae-ef6e2f33284c?sara_ref=re-so-app-sh
1bgsjsc,Experten ziehen zum Ende des Winters positive Bilanz der Heizperiode,142,32,t2_6pnby,1860931,2024-03-17 08:14:53,https://www.tagesschau.de/wirtschaft/energie/heizungsbilanz-100.html
1bgtq1z,Agrarminister versprechen Bauern weniger Bürokratie,89,48,t2_8npa0qoq,1860931,2024-03-17 09:38:46,https://www.tagesschau.de/inland/agrarminister-buerokratie-bauern-100.html
1bguqxm,"Offener Expertenbrief: Herr Scholz, kommen Sie Ihrer Pflicht nach!",87,52,t2_js5a5,1860931,2024-03-17 10:50:01,https://www.welt.de/debatte/kommentare/article250568546/Offener-Expertenbrief-Herr-Scholz-kommen-Sie-Ihrer-Pflicht-nach.html
1bguuyx,SPD-Chef Klingbeil lehnt Änderungen am Bürgergeld ab,64,17,t2_8a3j6klc,1860931,2024-03-17 10:57:59,https://www.tagesschau.de/inland/innenpolitik/spd-buergergeld-klingbeil-100.html
1bgkkzj,Rechtsextremist Martin Sellner von der Kantonspolizei Aargau abgeführt,59,10,t2_vu8l23oe9,1860931,2024-03-17 00:34:08,https://www.blick.ch/schweiz/zuerich/bei-einer-veranstaltung-der-jungen-tat-rechtsextremist-martin-sellner-von-der-kantonspolizei-aargau-abgefuehrt-id19541537.html
1bgvsjk,Abgesagtes Kita-Investitionsprogramm: FDP-Fraktionsvize Jensen greift Ministerin Paus an,58,30,t2_16clsu,1860931,2024-03-17 11:56:25,https://www.tagesspiegel.de/politik/abgesagtes-kita-investitionsprogramm-fdp-fraktionsvize-jensen-greift-ministerin-paus-an-11376130.html
1bh49gu,Russische Staatsmedien: Putin gewinnt Wahl laut Prognosen mit 87 Prozent,106,53,t2_i57jx,1860931,2024-03-17 18:13:05,https://www.tagesschau.de/eilmeldung/eilmeldung-7734.html
1bh1cda,Fake-News-Welt: Erfahrungen einer Aussteigerin aus Sasek-Sekte | Miriam Christ leitete das Online-TV von Sekten-Prediger Ivo Sasek. Einblick in die Verbreitung von Fake-News.,31,3,t2_bamjgcg8,1860931,2024-03-17 16:11:54,https://www.srf.ch/news/schweiz/verschwoerungstheorien-aussteigerin-aus-sasek-sekte-erzaehlt-vom-leben-in-fake-news-welt
1bh2yyb,(S+) »Ich habe an der WHU das Kotzen gelernt«: Berichte über riskante Saufrituale an Managerschmiede ,41,31,t2_g5adg37e5,1860931,2024-03-17 17:19:14,https://www.spiegel.de/start/whu-otto-beisheim-school-of-management-riskante-saufrituale-a-c0f6388b-339c-46bb-9376-f8bdb90e7b49?sara_ref=re-xx-cp-sh
1bgy5k0,Fitch hebt mahnend den Finger: Bei der Bonität ist Deutschland noch spitze,25,16,t2_182fjp,1860931,2024-03-17 13:57:48,https://www.n-tv.de/wirtschaft/Bei-der-Bonitaet-ist-Deutschland-noch-spitze-article24810418.html
1bgtnzq,Unser Zusammenleben: Sozialkredit statt Rechtsstaat?,21,0,t2_m1k8w1ot,1860931,2024-03-17 09:34:41,https://www.lto.de/recht/feuilleton/f/sozialkredit-system-china-buch-gesellschaft-zusammenleben-rechtsstaat-justiz/
1bgxgj2,Kim Yo-jong - Nordkoreas heimliche Herrscherin (Video),15,2,t2_mx5so6s9,1860931,2024-03-17 13:24:44,https://www.zdf.de/dokumentation/zdfinfo-doku/kim-yo-jong-nordkoreas-heimliche-herrscherin-100.html
1bgvf9e,Insider: SpaceX baut Netz aus Spionagesatelliten für die US-Regierung,13,4,t2_x4yzb,1860931,2024-03-17 11:34:08,https://www.derstandard.at/story/3000000212014/insider-spacex-baut-netz-aus-spionagesatelliten-fuer-die-us-regierung
1bh4opr,"Morgens, halb 3, am Plärrer in Nürnberg. Aufgenommen am vergangenen Donnerstag.",46,13,t2_25gcbf6b,1860931,2024-03-17 18:29:35,https://i.redd.it/78apv59rtxoc1.png
1bgsguc,Sonntags-Thread!,7,51,t2_j1dyv,1860931,2024-03-17 08:08:44,https://www.reddit.com/r/de/comments/1bgsguc/sonntagsthread/
1bgwkr5,Friedrich Merz: Der neue Fritz - Er war kurz davor zu scheitern – dann ging es plötzlich aufwärts. Wie Friedrich Merz Kanzler werden will,9,22,t2_1y0ttwop,1860931,2024-03-17 12:39:55,https://www.zeit.de/2024/12/friedrich-merz-cdu-kanzlerkandidat-opposition
1bh4rqm,Armut in Großbritannien: Eine Ex-Ladendiebin berät Geschäfte,16,3,t2_j5jvan,1860931,2024-03-17 18:32:46,https://www.tagesschau.de/ausland/europa/grossbritannien-ladendiebe-100.html
1bgukkn,"Der Stahlkonzern, der mit ""Wildwestmanieren"" geschmiedet wurde",4,0,t2_dycvm,1860931,2024-03-17 10:37:59,https://www.n-tv.de/24810187
1bgrqtb,Dava-Gründung vor Europawahl: Was haben die etablierten Parteien bei Minderheiten versäumt?,4,10,t2_pk0zvne9,1860931,2024-03-17 07:17:06,https://www.tagesspiegel.de/politik/dava-grundung-vor-europawahl-was-haben-die-etablierten-parteien-bei-minderheiten-versaumt-11360731.html
1bguzvo,Tauchsieder: Die Vertrauenskrise zwischen Berlin und Paris wiegt schwer,2,0,t2_770cu,1860931,2024-03-17 11:06:17,https://www.wiwo.de/politik/deutschland/tauchsieder-die-vertrauenskrise-zwischen-berlin-und-paris-wiegt-schwer/29710968.html
1bh5d16,Welches Wappen ist das?,2,9,t2_dcmd3,1860931,2024-03-17 18:56:05,https://i.redd.it/898na8egyxoc1.jpeg
1bh4okf,"Computerkunst als Waffe: ASCII-Art macht ChatGPT und Co ""böse""",7,0,t2_lljpe,1860931,2024-03-17 18:29:24,https://www.derstandard.at/story/3000000212030/computerkunst-als-waffe-ascii-art-macht-chatgpt-und-co-boese
1bh32l8,"Erstes Mal Konzert, was beachten?",1,22,t2_98xlcr3q,1860931,2024-03-17 17:23:26,https://www.reddit.com/r/de/comments/1bh32l8/erstes_mal_konzert_was_beachten/
1bgvlf3,Elektroauto-Wartung: Das Märchen vom unkaputtbaren Auto,0,25,t2_vge9por1,1860931,2024-03-17 11:44:43,https://www.spiegel.de/auto/elektroauto-wartung-das-maerchen-vom-unkaputtbaren-elektroauto-a-34654d30-57c1-46a4-b176-ef96f5efa290
1bh065b,"3 Dinge, die wir vermissen werden, wenn die Boomer den Arbeitsmarkt verlassen",0,70,t2_11h26l,1860931,2024-03-17 15:23:48,https://t3n.de/news/drei-dinge-vermissen-boomer-arbeitsmarkt-1613731/
